account,kind,url,views,likes,comments,intent_comments,intent_samples,hashtags,caption,topic_match,score
shrikant_tailors_official,post,https://www.instagram.com/p/DUVragrDSX2/,0,-1,4,3,Price | Price | Price???,"shrikanttailors, marathiwedding, punecity, viral, groom",Traditional outfit is not just attire; it’s a culture. It’s a religion itself.”✨  Clothing:- @shrikant_tailors Online Delivery  WhatsApp me : 9325489097   #shrikanttailors #marathiwedding #punecity #viral #groom marathim,True,690
shrikant_tailors_official,reel,https://www.instagram.com/p/DTDSsWXjYMv/,25489,-1,5,2,Price | Price,"wedding, weddingseason, shrikanttailors, engagementdress, receptiondress","New designer Kurta ✨  Clothing :- @shrikant_tailors_official   Online Delivery  WhatsApp me : 93254 89097  Add :- Shrikant tailors ST Shop No.2 Trimurti Apartment, near Morya Complex, Mohan Nagar, Dhankawadi, Pune Mahara",True,26004
shrikant_tailors_official,reel,https://www.instagram.com/p/DSJ1O6fDSMb/,4599,-1,3,2,Price kay ahe | Price kay aahi,"shrikanttailors, jodhpuri, jodhpurisuits, jodhpuricoat, traditional, weeding, weddingdress, fashionblogger, fashiondesigner, designer",Jodhpuri ✨  Clothing:- @shrikant_tailors_official   Online Delivery  WhatsApp me : 93254 89097  #shrikanttailors #jodhpuri #jodhpurisuits #jodhpuricoat #traditional #weeding#weddingdress #fashionblogger #fashiondesigner ,True,5064
ts_cloth_house,reel,https://www.instagram.com/p/DR6UviukVDi/,70818,5763,16,1,Price??,"reels, reelsinstagram, trending, foryou, explore, kurta",Men In Kurta ♥️ Thankyou @ts_cloth_house  @tushar2932For making me more handsome   . . . . #reels #reelsinstagram #trending #foryou #explore #kurta,True,129048
ts_cloth_house,post,https://www.instagram.com/p/DR6UviukVDi/,70818,5763,16,1,Price??,"reels, reelsinstagram, trending, foryou, explore, kurta",Men In Kurta ♥️ Thankyou @ts_cloth_house  @tushar2932For making me more handsome   . . . . #reels #reelsinstagram #trending #foryou #explore #kurta,True,129048
shrikant_tailors_official,reel,https://www.instagram.com/p/DQ_MJJpDUCL/,33994,-1,4,1,Price?,"wedding, weddingseason, shrikanttailors, engagementdress, receptiondress, weddingindoor, kurtapajama, navabi, indowester, traditional","Designer Kurta✨  Clothing :- @shrikant_tailors_official   Online Delivery  WhatsApp me : 93254 89097  Add :- Shrikant tailors ST Shop No.2 Trimurti Apartment, near Morya Complex, Mohan Nagar, Dhankawadi, Pune Maharashtra",True,34284
shrikant_tailors_official,reel,https://www.instagram.com/p/DQRekOuk7oB/,28268,-1,3,1,Price and location,"shrikanttailors, weedingdress, weddingphotography, photoshoot, dressoftheday, unique, patterndesign, fashionmodel, fashionblogger, fashiondesigner",Happy customer ✨  Clothing:- @shrikant_tailors_official   Online Delivery  WhatsApp me : 93254 89097  #shrikanttailors #weedingdress #weddingphotography #photoshoot #dressoftheday #unique #patterndesign #fashionmodel #fa,True,28533
shrikant_tailors_official,reel,https://www.instagram.com/p/DSujvSqDTU6/,27940,-1,2,1,Price sir,"shrikanttailors, unique, jackets, kurtapajama, ethnicwear",Customised jacket ✨  Clothing:- @shrikant_tailors_official   Online Delivery  WhatsApp me : 9325489097  #shrikanttailors #unique #jackets #kurtapajama #ethnicwear ethnicfashion ethnicwearonline ethniccollection fashionde,True,28180
shrikant_tailors_official,reel,https://www.instagram.com/p/DQlkRsvDX6u/,23305,-1,9,1,Price,"wedding, weddingseason, shrikanttailors, engagementdress, receptiondress, weddingindoor, kurtapajama, navabi, indowester, traditional","Designer kurta✨  Clothing :- @shrikant_tailors_official   Online Delivery  WhatsApp me : 93254 89097  Add :- Shrikant tailors ST Shop No.2 Trimurti Apartment, near Morya Complex, Mohan Nagar, Dhankawadi, Pune Maharashtra",True,23720
shrikant_tailors_official,reel,https://www.instagram.com/p/DQb6G3Xjcds/,17178,-1,2,1,Price,"wedding, weddingseason, shrikanttailors, engagementdress, receptiondress, weddingindoor, kurtapajama, navabi, indowester, traditional","Designer Kurta ✨  Clothing :- @shrikant_tailors_official   Online Delivery  WhatsApp me : 93254 89097  Add :- Shrikant tailors ST Shop No.2 Trimurti Apartment, near Morya Complex, Mohan Nagar, Dhankawadi, Pune Maharashtr",True,17418
shrikant_tailors_official,reel,https://www.instagram.com/p/DRRPEnhDd_V/,14388,-1,1,1,Price,"shrikanttailors, unique, jackets, kurtapajama, ethnicwear, ethnicfashion, ethnicwearonline, ethniccollection, fashiondesigner, fashionweek",Customise jacket✨  Clothing:- @shrikant_tailors_official   Online Delivery  WhatsApp me : 7387303022  #shrikanttailors #unique #jackets #kurtapajama #ethnicwear #ethnicfashion #ethnicwearonline #ethniccollection #fashion,True,14603
shrikant_tailors_official,post,https://www.instagram.com/p/DUIk_byCD2h/,0,1247,29,1,Price,"ak, outfits, wedding, instafit, pune",जो दलदल पार करके आया हो. उसे सड़क पार करने का ज्ञान नहीं दिया जाता मित्र..😉🙌🏻 . . . . . . . . . #ak #outfits #wedding #instafit #pune,True,13395
hightone.nx,reel,https://www.instagram.com/p/DG8HQGqzXgl/,7434,240,1,1,Price,"hightonenx, GroomGoals, LuxurySherwani, HandcraftedElegance, RegalAttire, BespokeMenswear, WeddingFashion, IndianGroom, SherwaniStyle, madeforroyalty","Elegance woven in every thread.✨ Do visit @hightone.nx for handcrafted luxury. 💫  A groom's sherwani isn't just an outfit-it's a statement of grandeur. 👑  At Hightone NX, we bring you premium, handcrafted sherwanis with ",True,10059
shrikant_tailors_official,reel,https://www.instagram.com/p/DRgpL9jjfn9/,8103,-1,2,1,Price please...,"ethnicwear, indianwear, fashion, onlineshopping, i̇ndianfashion, ethnic, indianwedding, traditional, instafashion, traditionalwear",Customised dress✨  Clothing:- @shrikant_tailors_official   #ethnicwear #indianwear #fashion #onlineshopping #i̇ndianfashion #ethnic #indianwedding #traditional #instafashion #traditionalwear #style #india #wedding #trend,True,8343
shrikant_tailors_official,reel,https://www.instagram.com/p/DS9UKHgCOje/,3530,-1,1,1,Bhaiya price kiya hai,"shrikanttailors, weedingdress, weddingphotography, photoshoot, dressoftheday",navabi ✨  Clothing:- @shrikant_tailors_official   Online Delivery  WhatsApp me : 93254 89097  #shrikanttailors #weedingdress #weddingphotography #photoshoot #dressoftheday unique patterndesign fashionmodel fashionblogger,True,3745
shrikant_tailors_official,reel,https://www.instagram.com/p/DRoXICDiDMx/,3393,-1,1,1,Kitna price hai bhai lena hai please batado😮😮,"shrikanttailors, weedingdress, weddingphotography, photoshoot, dressoftheday, unique, patterndesign, fashionmodel, fashionblogger, fashiondesigner",Designer pattern ✨  Clothing:- @shrikant_tailors_official   Online Delivery  WhatsApp me : 7387303022  #shrikanttailors #weedingdress #weddingphotography #photoshoot #dressoftheday #unique #patterndesign #fashionmodel #f,True,3608
shrikant_tailors_official,reel,https://www.instagram.com/p/DR7E9uojXsG/,2987,-1,1,1,Price,"shrikanttailors, weedingdress, weddingphotography, photoshoot, dressoftheday, unique, patterndesign, fashionmodel, fashionblogger, fashiondesigner",Customise Work✨  Clothing:- @shrikant_tailors_official   Online Delivery  WhatsApp me : 93254 89097  #shrikanttailors #weedingdress #weddingphotography #photoshoot #dressoftheday #unique #patterndesign #fashionmodel #fas,True,3202
ts_cloth_house,reel,https://www.instagram.com/p/DRATuW5DCtM/,1341,74,1,1,Price,"tsclothhouse, wedding, groom, sherwani, explore","Designer Shravani 🤍  Follow @ts_cloth_house   Use #tsclothhouse    Contact Numbers : +91 8329681827  Our You can Visit our Store at 📍  Shop No. 1 & 2, Sai Anand Pride Apartment, Taran Talav Road, near Siddheshwar Paan Sh",True,2306
ganapti_collection_for_mens,post,https://www.instagram.com/p/C2zxEa7oSrB/,0,95,1,1,Price,"indowestern, stitch, viralreels, pune, ganpaticollectionformens, trendingreels, hadapsar_pune, ethnicwear, blezar, jodhpuri",Happy customer 🔥#indowestern #stitch #viralreels #pune #ganpaticollectionformens #trendingreels #hadapsar_pune #ethnicwear #blezar #jodhpuri #handwork #bestcollection #groom@jaiswal5511,True,1175
ganapti_collection_for_mens,post,https://www.instagram.com/p/C2pUtclIjos/,0,32,2,1,Price,"ganpaticollection, men, women, bride, groom, wear, insta, instagram, wedding, hadapsar",#ganpaticollection #men #women #bride #groom #wear #insta #instagram  #wedding #hadapsar #pune #india,True,570
shrikant_tailors_official,post,https://www.instagram.com/p/DThelYmDYMq/,0,-1,1,1,Price,"shrikanttailors, jodhpuri, jodhpurisuits, jodhpuricoat, traditional",Jodhpuri ✨  Clothing:- @shrikant_tailors_official   Online Delivery  WhatsApp me : 93254 89097  #shrikanttailors #jodhpuri #jodhpurisuits #jodhpuricoat #traditional weedingweddingdress fashionblogger fashiondesigner desi,True,215
ts_cloth_house,post,https://www.instagram.com/p/DSMhx6FDCHk/,1389575,172763,147,0,,"tsclothhouse, wedding, groom, bridal, traditional, maharashtrawedding, vaidik",अभिनंदन दादा आणि वहिनी 🤴🫶👸🏻  #tsclothhouse #wedding #groom #bridal #traditional #maharashtrawedding #vaidik,True,3120880
ts_cloth_house,reel,https://www.instagram.com/p/DSMhx6FDCHk/,1389518,172759,147,0,,"tsclothhouse, wedding, groom, bridal, traditional, maharashtrawedding, vaidik",अभिनंदन दादा आणि वहिनी 🤴🫶👸🏻  #tsclothhouse #wedding #groom #bridal #traditional #maharashtrawedding #vaidik,True,3120783
hightone.nx,reel,https://www.instagram.com/p/CvpPjE8vxWR/,1010690,74235,121,0,,"hightonenx, mla, black, kurta, pant, king, of, hearts, goldenpattern, goldlovers",#hightonenx #mla #black #kurta  #pant #king #of #hearts  #goldenpattern #goldlovers ⚜️ ROYAL COLLECTION FROM HIGHTONE ⚜️ FOR ALL TYPES OF PRINTED AND CUSTOMIZED COLLECTION CHECK OUR PAGE AND DM US. HIGHTONE ROYAL COLLECT,True,1756065
ts_cloth_house,post,https://www.instagram.com/p/DSPxES0iZdh/,425172,22314,27,0,,"tsclothhouse, salman, ilovemumbai, rahulkanal, wedding, groom, blessing, explore",Salman Khan and Rahul Kanal  attended the wedding of  Dayanand’s son and wished him well  #tsclothhouse #salman #ilovemumbai #rahulkanal  #wedding #groom #blessing #explore,True,648987
ts_cloth_house,reel,https://www.instagram.com/p/DSPxES0iZdh/,424994,22314,27,0,,"tsclothhouse, salman, ilovemumbai, rahulkanal, wedding, groom, blessing, explore",Salman Khan and Rahul Kanal  attended the wedding of  Dayanand’s son and wished him well  #tsclothhouse #salman #ilovemumbai #rahulkanal  #wedding #groom #blessing #explore,True,648809
shrikant_tailors_official,reel,https://www.instagram.com/p/DRTwP6xjdze/,225268,11791,9,0,,"wedding, weddingseason, shrikanttailors, engagementdress, receptiondress, weddingindoor, kurtapajama, navabi, indowester, traditional","मा.श्री. रविंद्र धंगेकर   Clothing :- @shrikant_tailors_official   Online Delivery  WhatsApp me : 93254 89097  Add :- Shrikant tailors ST Shop No.2 Trimurti Apartment, near Morya Complex, Mohan Nagar, Dhankawadi, Pune Ma",True,343403
ts_cloth_house,reel,https://www.instagram.com/p/DRyGWh3DJb1/,110858,6512,1,0,,,"The bride’s happiness and the groom’s,  joy together shine like the moon ✌️🫶🤞",True,176003
ts_cloth_house,post,https://www.instagram.com/p/DS4FuvjDDIW/,0,14038,72,0,,"groom, photooftheday, wedding, nobitaa_01",“Groom mode: ON” 🙈❤️  Cloth by- @ts_cloth_house 🫶  #groom #photooftheday #wedding #nobitaa_01,True,142180
shrikant_tailors_official,reel,https://www.instagram.com/p/DSWl9u3CEaw/,62916,2889,0,0,,"shrikanttailors, jodhpuri, jodhpurisuits, jodhpuricoat, traditional, weeding, weddingdress, fashionblogger, fashiondesigner, designer",customised dress✨  Clothing:- @shrikant_tailors_official   Online Delivery  WhatsApp me : 93254 89097  #shrikanttailors #jodhpuri #jodhpurisuits #jodhpuricoat #traditional #weeding#weddingdress #fashionblogger #fashionde,True,91806
ts_cloth_house,reel,https://www.instagram.com/p/DUgmD4LjneL/,22861,2854,25,0,,"tsclothhouse, wedding, groom, celebration, Reception",रुतबा बरकरार है…!  #tsclothhouse #wedding #groom #celebration #Reception,True,52026
ts_cloth_house,post,https://www.instagram.com/p/DRzrXUpDLOV/,0,4496,4,0,,"congratulations, wedding, happiness, couplelove",Congratulations 🥂 🤴🫶👸🏻  #congratulations #wedding #happiness #couplelove,True,45060
shrikant_tailors_official,reel,https://www.instagram.com/p/DQ02XM7CAaf/,37023,-1,3,0,,"wedding, weddingseason, shrikanttailors, engagementdress, receptiondress, weddingindoor, kurtapajama, navabi, indowester, traditional","मां: राजेंद्र काकडे ⚜️  Clothing :- @shrikant_tailors_official   Online Delivery  WhatsApp me : 93254 89097  Add :- Shrikant tailors ST Shop No.2 Trimurti Apartment, near Morya Complex, Mohan Nagar, Dhankawadi, Pune Maha",True,37088
shrikant_tailors_official,post,https://www.instagram.com/p/DUC7gFcjY_U/,0,3648,11,0,,"shrikanttailors, marathiwedding, punecity, viral, groom",Traditional outfit is not just attire; it’s a culture. It’s a religion itself.”✨  Clothing:- @shrikant_tailors_official  Blouse:- @needlequeenboutique   Online Delivery  WhatsApp me : 9325489097   Shoot by: @uday_lasurka,True,36755
shrikant_tailors_official,reel,https://www.instagram.com/p/DRBwofFjQHK/,36479,-1,1,0,,"wedding, weddingseason, shrikanttailors, engagementdress, receptiondress, weddingindoor, kurtapajama, navabi, indowester, traditional","New pattern ✨  Clothing :- @shrikant_tailors_official   Online Delivery  WhatsApp me : 93254 89097  Add :- Shrikant tailors ST Shop No.2 Trimurti Apartment, near Morya Complex, Mohan Nagar, Dhankawadi, Pune Maharashtra  ",True,36494
shrikant_tailors_official,post,https://www.instagram.com/p/DUm3ulfDWxM/,35097,-1,1,0,,"shrikanttailors, jodhpuri, jodhpurisuits, jodhpuricoat, happy",कसा दिसतोय 😄  Clothing:- @shrikant_tailors_official   Online Delivery  WhatsApp me : 93254 89097  #shrikanttailors #jodhpuri #jodhpurisuits #jodhpuricoat #happy,True,35112
shrikant_tailors_official,reel,https://www.instagram.com/p/DUm3ulfDWxM/,35096,-1,1,0,,"shrikanttailors, jodhpuri, jodhpurisuits, jodhpuricoat, happy",कसा दिसतोय 😄  Clothing:- @shrikant_tailors_official   Online Delivery  WhatsApp me : 93254 89097  #shrikanttailors #jodhpuri #jodhpurisuits #jodhpuricoat #happy,True,35111
shrikant_tailors_official,reel,https://www.instagram.com/p/DQ8m-jXDVO2/,29108,-1,3,0,,"shrikanttailors, kurtapajama, kurtapajamaswag, kurtaset, kurtamenfashion, styleblogger, styleoftheday, kurta_pajama, fashionshow",Pathani ⚜️  Clothing:- @shrikant_tailors_official   Online Delivery  Whatspp me : 9325489097  #shrikanttailors #kurtapajama #kurtapajamaswag #kurtaset #kurtamenfashion #styleblogger #styleoftheday #kurta_pajama #fashions,True,29173
shrikant_tailors_official,post,https://www.instagram.com/p/DUXjglLjWQr/,0,2779,11,0,,"shrikanttailors, weedingdress, weddingphotography, photoshoot, engagement","Rooted in tradition, engaged in love❤️✨  Clothing:- @shrikant_tailors_official   Featuring - @amit_sonawane_11 @aashu.d_21  Shoot by - @uday_lasurkar  Mua - @swatighodke_mua_official  Bridal blouse designed by - @needleq",True,28065
shrikant_tailors_official,post,https://www.instagram.com/p/DUcq7UqDRGw/,0,2679,8,0,,"shrikanttailors, weedingdress, weddingphotography, photoshoot, engagement",Carnival theme dress❤️✨  Clothing:- @shrikant_tailors_official   Featuring - @amit_sonawane_11 @aashu.d_21  Shoot by - @uday_lasurkar  Mua - @swatighodke_mua_official   Online Delivery  WhatsApp me : 93254 89097  #shrika,True,26990
